query_name,cc_to_chain_difference
alien,5.7102395182369685
econ,5.245952274086787
sex,5.00094168018386
