query_name,cc_to_chain_difference
alien,0.004140414041404141
econ,0.0029402940294029414
sex,0.002058667405202059
