query_name,cc_to_chain_difference
alien,0.5916054705474534
econ,0.13061278546532673
sex,0.1184491870831712
